Aktiva Bolag;Döda bolag;;;;
ATLAS COPCO A;ABB A;;;;
INVESTOR B;AGA B;;;;
EQT;AHUSGLASS B;;;;
VOLVO B;AINAX;;;;
SKANDINAVISKA ENSKILDA BANKEN A;ALFASKOP;;;;
SAAB B;AMAGO CAPITAL;;;;
SWEDBANK A;ANTICIMEX;;;;
SANDVIK;ARENA PERSONAL;;;;
ASSA ABLOY B;ARGONAUT A;;;;
ERICSSON B;ARJO;;;;
SVENSKA HANDELSBANKEN A;ARK TRAVEL;;;;
HEXAGON B;ASSIDOMAN;;;;
BOLIDEN ORD SHS;ASTRA 'B';;;;
HENNES & MAURITZ B;ATLANTICA FRB.;;;;
EPIROC A;AUTOLIV;;;;
ALFA LAVAL;AVALON INNOVATION 'B';;;;
FASTIGHETS BALDER B;AVESTAPOLARIT (OME);;;;
TELIA COMPANY;BEDMINSTER B;;;;
LIFCO B;BERGALIDEN BF;;;;
TELE2 B;BFE BENIMA FERATOR ENGR.;;;;
LATOUR INVESTMENT B;BIACORE INTERNATIONAL;;;;
SKANSKA B;BIORA;;;;
SKF B;BLUEMARX;;;;
ADDTECH B;BNL INFORMATION B;;;;
EVOLUTION;BORAS WAFVERI B;;;;
INDUTRADE;BOSTADS AB DROTT;;;;
SWEDISH ORPHAN BIOVITRUM;BPA A;;;;
AAK;BRAND NEW WORLD B;;;;
CASTELLUM;BRIO 'B';;;;
INDUSTRIVARDEN A;BT INDUSTRIES;;;;
NIBE INDUSTRIER;BULTEN B;;;;
SVENSKA CELLULOSA AKTIEBOLAGET SCA B;CARAN 'B';;;;
VOLVO CAR B;CARTESIA INFO.STEKNIK B;;;;
LAGERCRANTZ GROUP B;CELSIUS B;;;;
LUNDBERGFORETAGEN B;CELTICA FASTIGHETS;;;;
SECURITAS B;COLDATOR FRESHCOOL INTL. B;;;;
TRELLEBORG B;COLUMNA;;;;
AVANZA BANK HOLDING;COMEXCHANGE;;;;
AXFOOD;CONATO AF;;;;
BEIJER REF B;COUNTERMINE 'B';;;;
DOMETIC GROUP;DAHL INTL.;;;;
GETINGE B;DATEMA BF;;;;
HEMNET GROUP;DECIM B;;;;
KINNEVIK B;DIAL N' SMILE;;;;
MYCRONIC;DIAL NXT GROUP;;;;
NOBA BANK GROUP;DIGITAL ILLUSIONS;;;;
NORDNET;DILIGENTIA;;;;
SSAB A;DIMENSION;;;;
SWECO B;EPSILON B;;;;
HEXPOL B;ESSELTE B;;;;
ASKER HEALTHCARE GROUP;ESSELTE B;;;;
CAMURUS;EUROC IND. A;;;;
CATENA;EUROPOLITAN VODAFONE;;;;
FABEGE;EUROWAY BF;;;;
HOLMEN B;FABEGE 'B';;;;
HUFVUDSTADEN A;FACILE 'B';;;;
LOOMIS B;FAGERLID INDUSTRIER;;;;
MUNTERS GROUP;FB INDUSTRI B;;;;
SECTRA B;FFNS GRUPPEN B CONVERTED INTO 504072;;;;
THULE GROUP;FINANSRUTIN BF;;;;
WIHLBORGS FASTIGHETER;FORCENERGY 'B';;;;
ACADEMEDIA;FRIGOSCANDIA B;;;;
AFRY B;FRILUFTSBOLAGET E&S;;;;
BIOARCTIC B;FRISTADS;;;;
CIBUS NORDIC REAL ESTATE;FRONTLINE;;;;
ELECTROLUX B;FRONTYARD 'B';;;;
ENGCON B;GIBECK 'B';;;;
ESSITY A;GLOBAL DIRECT 'B';;;;
GRANGES;GORTHON LINES;;;;
MEDICOVER B;GOTLAND REDERI B;;;;
SYNSAM;HAGSTROMER B;;;;
VOLATI;HALSTRM.& NIS. B CONVERTED-504403;;;;
ADDLIFE B;HEBI HEALTH CARE;;;;
ADDNODE GROUP B;HEMSTADEN BOSTADS;;;;
ALIMAK GROUP;HOME CAPITAL;;;;
ALLEIMA;HUMLEGARDEN 'B';;;;
AMBEA;ICB SHIPPING 'B';;;;
AQ GROUP;IMPACT EUROPE GROUP;;;;
ARJO B;INIRIS 'B';;;;
ASMODEE GROUP B;ISOKERN;;;;
ATRIUM LJUNGBERG B;J&W;;;;
ATTENDO;JP BANK 'A';;;;
BEIJER ALMA B;KAROLIN MACHINE TOOL;;;;
BERGMAN & BEVING B;KJESSLER & MANNERST.;;;;
BETSSON B;KONTAKT EAST HOLDING;;;;
BILIA A;KORSNAS-MARMA B;;;;
BILLERUD AKTIEBOLAG;LB ICON;;;;
BIOGAIA B;LGP ALLGON HOLDING;;;;
BONESUPPORT HOLDING;LINDEX;;;;
BRAVIDA HOLDING;LIVE NETWORKS B;;;;
BUFAB;LUNDIN OIL B;;;;
BURE EQUITY;MARIEBERG TID.'A';;;;
CLAS OHLSON B;MIND;;;;
CLOETTA B;MULTISIMPLEX B;;;;
DIOS FASTIGHETER;MYSCOOP INTERNATIONAL;;;;
DYNAVOX GROUP;NAECKEBRO FTGH.;;;;
ELECTROLUX PROFESSIONAL B;NAN RESOURCES;;;;
ELEKTA B;NATURKOMPANIET;;;;
EMBRACER GROUP B;NEFAB 'B';;;;
FAST PARTNER A;NET CAPITAL B;;;;
HACKSAW;NIMBUS BOATS 'B';;;;
HANZA;OPTIMUM OPTIK 'B';;;;
HMS NETWORKS;OST GOTA ENSKILDA BANKEN;;;;
HOIST FINANCE;PERSEA B;;;;
HUSQVARNA B;PHAROS A CONVERTED INTO 779075;;;;
INVISIO;PRIFAST;;;;
INWIDO;PROGRAMATOR B;;;;
JM;PRONATOR CONVERTED INTO 504028;;;;
KARNOV GROUP;PROSOLVIA 'B';;;;
LINDAB INTERNATIONAL;PROTECT DATA;;;;
MEDCAP;PROVIDENTIA A;;;;
MIPS;PROVOBIS B;;;;
MODERN TIMES GROUP MTG B;PUSH DEVELOPMENT;;;;
NCAB GROUP;REGNBAGEN FTGH.A;;;;
NCC B;REINHOLD B CONVERTED-504796;;;;
NEW WAVE GROUP B;RENEWABLE EN.IN SWEDEN;;;;
NOLATO B;RESCO 'B';;;;
NORION BANK;RIKSBYGGEN B;;;;
NP3 FASTIGHETER;SAND.& STOHNE B;;;;
NYFOSA;SCAN MINING;;;;
OEM INTERNATIONAL B;SCANCEM 'A';;;;
PANDOX B;SEGERSTROM & SVENS.B;;;;
PARADOX INTERACTIVE;SENDIT;;;;
PEAB B;SENEA;;;;
PLATZER FASTIGHETER HOLDING B;SIFO;;;;
PLEJD;SILA A CONVERTED-504039;;;;
RATOS B;SKANDIA FORSAKRINGS;;;;
ROKO B;SKULTUNA;;;;
RUSTA;SORB INDUSTRI;;;;
SCANDIC HOTELS GROUP;SPENDRUPS B;;;;
SINCH;STORA 'A';;;;
SKISTAR B;SVENSK VODKA;;;;
STORSKOGEN GROUP B;SVENSKA ORIENT B;;;;
SVEAFASTIGHETER;SVITHOID TANKERS 'B';;;;
SWEDISH LOGISTIC PROPERTY B;SYDKRAFT A;;;;
SYSTEMAIR;SYDOSTINVEST B;;;;
TROAX GROUP;TELELOGIC;;;;
VBG GROUP B;TIVOX 'B';;;;
VIMIAN GROUP;TRYCKINVEST I NORDEN;;;;
VITEC SOFTWARE GROUP B;UNITED TANKERS;;;;
VITROLIFE;VENCAP INDUSTRIER;;;;
WALLENSTAM B;VERIMATION;;;;
ABAS PROTECT;VLT 'B';;;;
AIKE MEDIA B;VOLVO REDEMPTION RIGHTS;;;;
AIXIA GROUP B;WAYFINDER SYSTEMS;;;;
BYHMGARD;WM-DATA NORDIC B;;;;
CERENO SCIENTIFIC B;XPONCARD;;;;
DONE AI GROUP;ZAPP B;;;;
ECOMB 'B';ABB 'B';;;;
EMBEDDEDART GROUP;ABU GARCIA;;;;
FABLE MEDIA GROUP;ACRIMO 'B';;;;
INFRACOM GROUP;ACSC;;;;
INVOICERY GROUP;ALLGON B;;;;
LATVIAN FOREST COMPANY B;ALMEDAHL BF;;;;
MINDARK PE;ALTHIN MEDICAL B;;;;
NORDEN ESTATES;ALTIMA;;;;
OPSY HOLDING;ANCORA ENERGISPAR;;;;
PIXFAM;ANDERS DIOS B;;;;
POLYMER FACTORY SWEDEN;ARETE;;;;
SUBGEN AI;ARITMOS F;;;;
VAXXA;ARTEMA MEDICAL B;;;;
WS WESPORTS GROUP;ARTIKA TIME MDA.GP.B;;;;
AMNODE;ASG 'B';;;;
BUDDYPRO GROUP B;ASG B;;;;
C100;ASTICUS;;;;
COFFEE STAIN GROUP B;AU SYSTEM;;;;
CYCLEZYME;AUTODIAGNOS B;;;;
EDYOUTEC;AUTOFILL;;;;
GOSOL ENERGY GROUP;AVESTA SHEFFIELD;;;;
HUNTER CAPITAL;AXTRADE B CONVERTED INTO 504055;;;;
I LOVE LUND B;BAHCO B;;;;
LANE CAPITAL GROUP B;BALDER FASTIGHETS;;;;
LIGHTNING GROUP;BCP AF;;;;
RAILWAY METRICS AND DYNAMICS;BEIJER CAPITAL;;;;
RANLOS B;BETONBYGG B;;;;
SCANDINAVIAN ASTOR GROUP;BGB I STOCKHOLM;;;;
SOLUTION INTERNATIONAL NORDICS;BILSPEDITION B;;;;
STOCKHOLM TREASURY;BINAR ELEKTRONIK B;;;;
STONEBEACH GROUP;BIP BOTTNIA INTERNET;;;;
THINC COLLECTIVE;BK ELEKTRONIK B;;;;
TINGSVALVET FASTIGHETS A;BOSS MEDIA;;;;
UPGRADE INVEST NORDIC;BROSTROM;;;;
WINDON ENERGY GROUP;BRUKENS NORDIC BF;;;;
ACUCORT;BYGG FAST;;;;
AEROWASH B;CARL LAMM;;;;
AGTIRA B;CASHGUARD 'B';;;;
AINO HEALTH;CASTCOM;;;;
ANOTO GROUP;CEDERROTH NDC.BF;;;;
ARCTIC MINERALS;CELL NETWORK;;;;
AXICHEM A;CENTREST SDR;;;;
B3 CONSULTING GROUP;CISL GRUPPEN;;;;
BACTIGUARD HOLDING B;COMEXCHANGE;;;;
BAHNHOF B;CONNECTA B;;;;
BALCO GROUP;CORONADO B;;;;
BEAMMWAVE B;CYNCRONA B;;;;
BHG GROUP;DIFFCHAMB;;;;
BIOINVENT INTL.;DTG SWEDEN;;;;
BJORN BORG;ECTA RESURS B;;;;
BLICK GLOBAL GROUP;EKEN INV. B CONVERTED-779136;;;;
BONG;EL&INDSMON.SVENSKA;;;;
BOTNIA GOLD;ELDON 'B';;;;
BPC INSTRUMENTS;ENACO;;;;
BREDBAND2 I SKANDINAVIEN;ENATOR (SEE 882247);;;;
BRIGHTBID GROUP;ENTRA DATA;;;;
BRILLIANT FUTURE;EPLAY;;;;
BRINOVA FASTIGHETER B;ESAB BF;;;;
CANTARGIA;EVIDENTIA A;;;;
CATENA MEDIA;EXAB B;;;;
CESSATECH;EXAVE B;;;;
CLIMEON B;EXPORT INVEST A;;;;
CONDO NORDIC HOLDING;FABEGE 'B';;;;
COOR SERVICE MANAGEMENT HOLDING;FERMENTA B;;;;
CORLINE BIOMED;FJALLRAVEN B CONVERTED-504390;;;;
CTT SYSTEMS;FME EU.AKTIEBOLAG 'B';;;;
DBLE.BD.PHARM.INTL. B;FOCAL POINT 'B';;;;
DEXTECH MEDICAL;FORENINGS BKN. A;;;;
DIVIDEND SWEDEN AB;FORSHEDA B;;;;
DIVIO TECHNOLOGIES B;FRANGO 'B';;;;
DLABORATORY SWEDEN;GAMBRO 'B';;;;
EPENDION;GAMERS PARADISE HLDG.'B';;;;
EXSITEC HOLDING;GAMLESTADEN B;;;;
FASADGRUPPEN GROUP;GANT COMPANY;;;;
FASTATOR;GARPH.HESLMN.;;;;
FERRONORDIC;GORTHON INV.;;;;
FLAT CAPITAL B;GOTAGRUPPEN A CONVERTED-539667;;;;
FLERIE;GOTIC 'B';;;;
FLUICELL;GOTLAND REDE. B CONVERTED-504032;;;;
FM MATTSSON B;GRANINGE;;;;
FRAM SKANDINAVIEN B;GRAUTEN OIL BF;;;;
FREETRAILER GROUP;GUIDE KONSULT B;;;;
FSPORT;GULLSPANGS KRT.B;;;;
GABATHER;GYMGROSSISTEN NORDIC;;;;
GARO;HADRONEN F TAKENOVER SEE 505520;;;;
GENOVIS B;HANDSKMAKARN;;;;
GREATER THAN;HAVSFRUN KB F;;;;
GUIDELINE GEO;HOIST INTL. BF;;;;
GULDBREV HOLDING;HOME PROPERTIES;;;;
HANSA BIOPHARMA;HORDA B;;;;
HEXICON;HQ FONDER;;;;
IDL DIAGNOSTICS;HUFVUDSTADEN INTL.;;;;
INSTALCO;IAR SYSTEMS;;;;
INTEGRUM;IM MAKLARNA B;;;;
INTELLEGO TECHNOLOGIES;IMG INDE.MEDIA GP. B;;;;
INTRUM;IMS INTEL.MICRO SYS.;;;;
JUMPGATE;INTENTIA INTL.'B';;;;
K33;INTER INNVNS. B;;;;
KAROLINSKA DEVELOPMENT B;INTRA INTERNATIONAL;;;;
KLARABO SVERIGE B;INVENT MAN BF;;;;
KLARIA PHARMA;INVIK & CO 'B';;;;
KLIMATOR;INWAREHOUSE;;;;
KRONA PUBLIC REAL ESTATE;IQUITY SYSTEMS;;;;
LARKBERGET;IRO;;;;
LOGISTEA A;JACOBSON WIDMK.BU;;;;
MAGLE CHEMOSWED HOLDING;JC;;;;
MAHVIE MINERALS;KALMAR INDUSTRIES;;;;
MANGOLD AB;KAP N;;;;
MAVEN WIRELESS SWEDEN;KARLSHAMNS;;;;
MAVSHACK;KAROLIN INVEST B;;;;
MEKO;KINNEVIK IND. B;;;;
MENDUS;KINNK.IND.FRV. A;;;;
MENTICE;KIPLING HOLDING;;;;
MICRO SYSTEMATION B;KLIPPAN;;;;
MIDSONA B;KRAMO BF;;;;
MINESTO;LEKSELL GOLV B;;;;
MIRIS HOLDING;LIC CARE;;;;
MTI INVESTMENT;LIFCO B;;;;
MYSAFETY GROUP B;LILJEHOLMEN 'B';;;;
NEOVICI HOLDING B;LINJEBUSS 'A';;;;
NEXAM CHEMICAL HOLDING;LODET FASTIGHETS B;;;;
NICOCCINO HOLD;LPI PRECISION 'B';;;;
NIMBUS GROUP;LUDVIKA MINING B;;;;
NORDIC LEVEL GROUP;M2 FASTIGHETER;;;;
NORDISK BERGTEKNIK B;M2S SVERIGE B;;;;
NOVOTEK B;MANDAMUS;;;;
OGUNSEN B;MANDATOR;;;;
ORRON ENERGY;MARTINSSON 'B';;;;
ORTIVUS B;MATTEUS;;;;
OSSDSIGN;MEDICOVER HOLDING SDB;;;;
PEPTONIC MEDICALORD;MEGACON;;;;
PION GROUP B;MERCURIAS;;;;
POLARCOOL;MISS MARY OF SWEDEN;;;;
PRECIO FISHBONE B;MNW RECORDS GROUP B;;;;
PREMIUM SNACKS NORDIC;MOGUL;;;;
PRESERVIUM PROPERTY;MONARK STIGA;;;;
PRICER B;MTIN.ELTN. B;;;;
QBEN INFRA;NACKEBRO;;;;
QBRICK;NARKES ELECTRISKA;;;;
QLEANAIR;NETWISE 'B';;;;
RAMLOSA SHIPPING;NEW UNIBET GROUP SDR;;;;
REDERI GOTLAND B;NK CITY FASTIGHETS;;;;
REJLERS B;NORDBANKEN;;;;
RENEWABLE VENTURES NORDIC;NORDIFAGRUPPEN B;;;;
RESPIRATORIUS;NORDITUBE TECHS.;;;;
RISK INTELLIGENCE;NORRPORTEN;;;;
ROLLING OPTICS HOLDING B;NOVADA;;;;
SAMHALLSBYGGNADSBOL AGET I NORDEN B;NRS TECHNOLOGIES HOLDING;;;;
SCANDI STANDARD;OEM AUTOMATIC B;;;;
SCANDINAVIAN REAL HEART;OMX;;;;
SERVANA;OPTIMA BATTERIES B;;;;
SIVERS SEMICONDUCTORS;OPTIMAIL 'A';;;;
SMOLTEK NANOTECH HOLDING;ORESSUND INV.;;;;
SODER SPORTFISKE;ORREFORS;;;;
SOLID FORSAKRINGSAKTIEBOLAG;OSTERMAN B;;;;
SPAGO NANOMEDICAL;OWELL;;;;
SPILTAN INVEST;PANALARM;;;;
STENDORREN FASTIGHETER B;PARTNERINV F;;;;
STORYTEL B;PAUL ANDERSON FASTIGHETE;;;;
SUSTAINABLE ENERGY SOLUTIONS SWEDEN HOLDING;PEAK PERFORMANCE 'B';;;;
TAGMASTER B;PERBIO SCIENCE;;;;
TANGIAMO TOUCH TECHNOLOGY;PERSTORP B;;;;
TERRANET B;PIREN B;;;;
THUNDERFUL GROUP;PLATZER FTGH. B;;;;
TIME PEOPLE GROUP;PROCORDIA A CONVERTED-779294;;;;
TOLERANZIA;PRONYX;;;;
TRANSFERATOR A;PROTORP FRV.;;;;
UMIDA GROUP B;PROVENTUS B;;;;
VIBROSENSE DYNAMICS B;PULSEN I BORAS B;;;;
VIVESTO;PWT B;;;;
VUXEN GROUP;REALIA;;;;
WASTBYGG GRUPPEN B;REALIA A;;;;
WESTPAY;RECULTURE;;;;
WONDERFUL TIMES GROUP;REGUARD;;;;
XSPRAY PHARMA;RKS B;;;;
YUBICO;RORVIKS GRUPPEN 'B';;;;
ZAPLOX;SALUS ANSVAR 'B';;;;
ZENERGY;SAPA;;;;
ZOOMABILITY INT;SARDUS;;;;
2CUREX;SBT LANDSKRONA 'B';;;;
4C GROUP;SCANDIACONSULT;;;;
AAC CLYDE SPACE;SCANDIAFELT BU CONVERTED INTO 772877;;;;
AB IGRENE;SCANDIC HOTELS;;;;
ABELCO;SCANDINAVIA ONLINE;;;;
ABERA BIOSCIENCE;SECURITAS DIRECT;;;;
ABSOLENT AIR CARE GROUP;SIAB A;;;;
ABSOLICON SOLAR COLLECTOR B;SIBO SHIPPING;;;;
ACARIX;SIFAB;;;;
ACAST;SKANE-GRIPEN A;;;;
ACCONEER;SKOOGS FORETGP.B;;;;
ACENTA GROUP;SKRINET B;;;;
ACOUSORT;SODRA PETROLEUM;;;;
ACRINOVA A;SONG NETWORKS HLDG.;;;;
ACROUD;SPCS SCANDINAVIAN PC SYSTEMS;;;;
ACTIC GROUP;SRAB SHIPPING KVB;;;;
ACTIVE BIOTECH;STADSHYPOTEK 'A';;;;
ACUVI;STENA LINE B;;;;
ADDVISE GROUP A;STRALFORS 'B';;;;
ADTRACTION GROUP;SVEDALA INDUSTRIER;;;;
ADVENICA;SVEN.KREDTFOR. F;;;;
ADVERTY;SVENSK FASTIGHETSFOND;;;;
AFRICA RESOURCES;SVENSKA BRAND;;;;
AGES INDUSTRI B;SVENSKA KAOLIN;;;;
AIK FOTBOLL B;SWEDMACH B;;;;
ALCADON GROUP;SWEDSPAN INDR. B;;;;
ALLIGATOR BIOSCI;SWEGON B;;;;
ALLIGO B;SYDSVKA.DAGB. BF;;;;
ALM EQUITY;SYNECTICS MEDICAL B;;;;
ALPCOT HOLDING B;SYNGENTA AZ (OME);;;;
ALZECURE PHARMA;SYRICO;;;;
ALZINOVA;TARGET INVESTMENT B;;;;
AMARON COMMERCIAL PROPERTIES B;TELECA 'B';;;;
AMHULT 2 B;TELIGENT;;;;
AMIDO;TERRA MINING;;;;
ANGLER GAMING;TMG INTERNATIONAL;;;;
ANNEHEM FASTIGHETER B;TORNET FASTIGHETS 'B';;;;
ANNEXIN PHARMACEUTICALS;TPC SECURITY B;;;;
APOTEA;TRANSLINK VARA B;;;;
APTAHEM;TRIO INFO.SYSTEMS;;;;
AQUATICUS REAL ESTATE;TRITEL MEDIA;;;;
ARBONA A;TRYGG-HANSA 'B';;;;
ARCHELON NATURAL RESOURCES B;TURNIT 'B';;;;
ARCOMA;UTFORS;;;;
ARCTIC BLUE BEVERAGES;VBB 'A';;;;
ARCTIC FALLS;VIDE INVEST;;;;
ARGO DEFENCE GROUP;VISION PARK;;;;
ARISE;WM-DATA 'B';;;;
ARLA PLAST;ZETECO B;;;;
ARLANDASTAD GROUP;ZEUNERTS B;;;;
ASCELIA PHARMA;ZODIAK TELEVISION 'B';;;;
ATHANASE INNOVATION;NORDIQ GOTEBORG;;;;
ATTANA;FASTILIUM;;;;
AVSALT GROUP;FORSSTROM HIGH FREQ.;;;;
AVTECH SWEDEN B;1618 STRICT B SHARE;;;;
AXOLOT SOLUTIONS HOLDING;24STORAGE;;;;
BAMBUSER;5050 POKER HLDG;;;;
BAWAT WATER TECHNOLOGIES;ACADEMEDIA 'B';;;;
BE GROUP;ACOSENSE;;;;
BERNER INDUSTRIER B;ADAPTEO;;;;
BESQAB;ADCITYMEDIA;;;;
BETTER COLLECTIVE;ADDERACARE;;;;
BEYOND FRAMES ENTERTAINMENT;ADOPERATOR;;;;
BIBBINSTRUMENTS;ADTAIL;;;;
BICO GROUP B;AFFARSSTRATEGERNA 'B';;;;
BIMOBJECT;AGROKULTURA;;;;
BINERO GROUP;ALIGERA;;;;
BIO VITOS PHARMA;ALLOKTON 'B';;;;
BIO-WORKS TECHNOLOGIES;ANNEHEM FASTIGHETER;;;;
BIOEXTRAX;ATVEXA;;;;
BIOFRIGAS SWEDEN;AUDIENTES;;;;
BIOSERGEN;AUDIODEV 'B';;;;
BIOVICA INTERNATIONAL;AVONOVA SVERIGE;;;;
BLUELAKE MINERAL;AXKID;;;;
BLUEYIELD;AXLON GROUP;;;;
BOKUSGRUPPEN;BALLINGSLOV INTL.;;;;
BOMILL;BESTIN PPKD.SER.SFTW.'B';;;;
BONASUDDEN;BIOLIN SCIENTIFIC;;;;
BONAVA B;BIOPHAUSIA 'A';;;;
BOOZT;BM IMPEX;;;;
BOULE DIAGNOSTICS;BOSJO FASTIGHETER;;;;
BRAINCOOL;BRANDWORLD SVERIGE;;;;
BRIOX;BRAVIKEN LOGISTIK;;;;
BROCK MILTON CAPITAL;BRIGHTER;;;;
BTS GROUP B;CAPERIO HOLDING;;;;
BULTEN;CARL LAMM HOLDING;;;;
BYGGMAX GROUP;CARY GROUP HOLDING;;;;
BYGGPARTNER GRUPPEN;CATECH 'B';;;;
C-RAD B;CATERING PLEASE;;;;
CAG GROUP;D CARNEGIE & CO;;;;
CALVIKS;DACKE GROUP NORDIC;;;;
CANDLES SCANDINAVIA B;DALSSPIRA MEJERI;;;;
CARASENT;DELARKA HOLDING;;;;
CARDEON B;DEVICOM;;;;
CAREIUM;DIGNITA SYSTEMS;;;;
CASE GROUP;DIN BOSTAD SVERIGE;;;;
CATELLA B;ECO WAVE POWER GLOBAL;;;;
CAVOTEC GROUP;EDI COMPANY 'B';;;;
CDON AB;EKOMARINE;;;;
CEDERGRENSKA;ELEKTRONIKGRUPPEN BK 'B';;;;
CELL IMPACT;EMOTRA;;;;
CELLAVISION;ENTRACTION HOLDING 'B';;;;
CHARGEPANEL;EUROVIP GROUP 'B';;;;
CHECKIN COM GROUP;EVENDO;;;;
CHEFFELO;FASTTV NET;;;;
CHORDATE MEDICAL HOLDING;FAZER KONFEKTYR SERVICE;;;;
CINCLUS PHARMA HOLDING;FOLLICUM;;;;
CINT GROUP;FUNDIOR FASTIGHETER;;;;
CIRCHEM;FUUD;;;;
CLAVISTER;GIFTTODAY SWEDEN;;;;
CLEAN MOTION;GLOBAL GAMING 555;;;;
CLEMONDO GROUP;GLOBAL GAMING FACTORY X;;;;
CLINICAL LASERTHERMIA SYSTEMS B;GLOBALFUN;;;;
CODEMILL;GROUP OF RETAIL ASSETS SWEDEN B;;;;
COEGIN PHARMA;GUNNEBO INDUSTRIER;;;;
COELI PRIVATE EQUITY;HALMSLATTEN FASTIGHETS;;;;
COINSHARES INTERNATIONAL;HARM REDUCTION GROUP;;;;
COLLAXIO;HARTELEX;;;;
COMBINEDX;HEART OF BRANDS 'B';;;;
COMINTELLI;HL DISPLAY 'B';;;;
COMPODIUM INTERNATIONAL;HUBBR B;;;;
CONCEJO B;IBS 'B';;;;
CONSENSUS ASSET MANAGEMENT B;ICM KUNGSHOLMS;;;;
COREM PROPERTY GROUP A;IDL BIOTECH;;;;
CRETURNER GROUP;INTERFOX RESOURCES;;;;
CROWN ENERGY;INTL.MKTG.& SALES (OME) GP.;;;;
CRUNCHFISH;INZILE;;;;
CTEK;IRONROAD;;;;
CURASIGHT;ISR IMMUNE SYSTEM REGULATION HOLDING;;;;
CYBER SECURITY 1;IVISYS;;;;
DEDICARE;JAMES CONCEPTS;;;;
DESENIO GROUP;JEEVES INFO.SYSTEMS;;;;
DEVPORT B;JELLO;;;;
DEVYSER DIAGNOSTICS;JOSAB WATER SOLUTIONS;;;;
DIADROM HOLDING;JUNEBUD 'B';;;;
DIAMYD MEDICAL B;KARESSA PHARMA HOLDING;;;;
DICOT PHARMA;KINDWALLS 'B';;;;
DISTIT;KLIMAX;;;;
DOXA;LAYERLAB;;;;
DRILLCON;LEDSTIERNAN 'B';;;;
DUNI;LEXINGTON COMPANY;;;;
DUROC B;LIGHTLAB SWEDEN B;;;;
DUSTIN GROUP;LIV IHOP;;;;
EASTNINE;LUNCHEXPRESS I SVER.;;;;
EASYFILL B;MAGNOLIA BOSTAD;;;;
EATGOOD SWEDEN;MAHLER INTERNATIONAL AB;;;;
ECOCLIME GROUP B;MALARASEN;;;;
ECORUB B;MATSE HOLDING;;;;
EEDUCATION ALBERT;MAXFASTIGHETER I SVERIGE;;;;
EFFNETPLATTFORMEN HOLDING;MENUPAY B;;;;
EGETIS THERAPEUTICS;MICRO HOLDING;;;;
ELANDERS B;MICUS;;;;
ELICERA THERAPEUTICS;MOBIPLUS;;;;
ELON;MOXIETECH GROUP;;;;
ELTEL;MUNTERS;;;;
EMB MISSION BOUND;MYFC HOLDING;;;;
EMBELLENCE GROUP;NEONET;;;;
ENAD GLOBAL 7;NETONNET;;;;
ENEA;NEWTON NORDIC;;;;
ENERGY SAVE HOLDING B;NILORNGRUPPEN 'B';;;;
ENERSIZE;NORINVENT;;;;
ENIRO GROUP;NUSTAY;;;;
ENITY HOLDING;OBOYA HORT.INDS.;;;;
ENORAMA PHARMA;ODEN CONTROL;;;;
ENRAD;OFFENTLIGA HUS I NORDEN;;;;
ENVAR HOLDING;ONCOLOGY VENTURE SWEDEN;;;;
ENVIROLOGIC B;ONE MEDIA HOLDING;;;;
ENZYMATICA;PALLAS GROUP B;;;;
EOLUS B;PANION ANIMAL HEALTH;;;;
EPISURF MEDICAL B;PEAB INDUSTRI 'B';;;;
EQL PHARMA;PEN CONCEPT GROUP;;;;
EWORK GROUP;PRECISIONSMETALL GROUP;;;;
EXALT;PROCAST MEDIA;;;;
EXPRES2ION BIOTECH HOLDING;PROMIKBOOK;;;;
EYE WORLD;PV ENTERPRISE SWEDEN;;;;
FAGERHULT GROUP;QUICKCOOL;;;;
FASTIGHETS B;RAYCLINIC;;;;
FENIX OUTDOOR INTERNATIONAL B;REBELLE;;;;
FERROAMP;RESURS CNC 'B';;;;
FINEPART SWEDEN;ROBERT FRIMAN INTERNATIONAL;;;;
FINGERPRINT CARDS B;SAK I;;;;
FIREFLY;SALTANGEN;;;;
FIRST VENTURE SWEDEN B;SCIROCCO 'B';;;;
FLEMING PROPERTIES;SEANET MARITIME COMMS.;;;;
FLEXION MOBILE;SENSEC HOLDING;;;;
FLEXQUBE;SIX 'B';;;;
FLOWSCAPE TECHNOLOGY;SKANDITEK INDRI.FRV.;;;;
FLUOGUIDE;SKANSKA ENERGI B;;;;
FORMPIPE SOFTWARE;SLITEVIND;;;;
FORTINOVA FASTIGHETER B;SMART WIRES TECHNOLOGY SDR;;;;
FRACTAL GAMING GROUP;SNOWOLVERINE 'B';;;;
FRAGBITE GROUP;SOFTWARE GROUP;;;;
FREE2MOVE HOLDING AB;STAVRULLEN FINANS 'B';;;;
FREEMELT HOLDING;STORMFAGELN;;;;
FREJA EID GROUP;STRAND INTERCONNECT 'B';;;;
FRISQ HOLDING;SYSTEMATISK KAPFORV.;;;;
FRONT VENTURES B B;TATURA;;;;
FRONTWALKER B;TCT TECH SWEDEN;;;;
FX INTERNATIONAL;TECHNOLOGY NEXUS;;;;
G5 ENTERTAINMENT;TICKET TRAVEL;;;;
GAMETHRILL;TIKSPAC AB;;;;
GAMING CORPS;TORSLANDA PROPERTY INV.;;;;
GAPWAVES B;TRANSCENDENT GROUP;;;;
GARPCO SHARE B;TRAVELPARTNER;;;;
GASPOROX;TRETTI;;;;
GENERIC SWEDEN;TRICORONA;;;;
GENETIC ANALYSIS;TRIMERA;;;;
GENOVA PROPERTY GROUP;UNWRAP FINANCE;;;;
GIGASUN;VA AUTOMOTIVE;;;;
GLYCOREX TRANSPLANTATION B;VARMLANDS FINANS'B';;;;
GOLD TOWN GAMES;VASTSVENSK LOGISTIK;;;;
GOMERO GROUP;VIGMED HOLDING;;;;
GOMSPACE GROUP;VKG ENERGY SERVICES;;;;
GOOBIT GROUP;WATER JET SWEDEN;;;;
GOODBYE KANSAS GROUP;WIEMA;;;;
GOTLAND ART & DESIGN;WORLD CL.SEAGULL INTL.;;;;
GRANGEX;XEZZEX;;;;
GREEN LANDSCAPING GROUP;XRF ANALYTICAL 'B';;;;
GREENMERC B;XTRACOM CNSL.GROUP 'B';;;;
GRUVAKTIEBOLAGET VISCARIA B;Y C O BUSINESS PARTNERS;;;;
GUARD THERAPEUTICS INTERNATIONAL;YIELD LIFE SCIENCE;;;;
GULLBERG & JANSSON;ZETADISPLAY;;;;
H100 GROUP;3L SYSTEM;;;;
HAKI SAFETY B;A3 ALLMANNA IT- OCH TELEKOMAKTIEBOLAGET;;;;
HAMLET BIOPHARMA;ACANDO B;;;;
HAYPP GROUP;ACCELERATOR NORDIC 'B';;;;
HEBA FASTIGHETS B;ADVENTURE BOX TECHNOLOGY;;;;
HEDERA GROUP;AEROCRINE 'B';;;;
HELIOSPECTRA;AGROMINO;;;;
HEMPLY BALANCE HOLDING;ALELION ENERGY SYSTEMS AB;;;;
HERNO GIN B;ALIGRO PLANET ACQUISITION COMPANY A;;;;
HEXATRONIC GROUP;ALLARITY THERAPEUTICS;;;;
HF REVERSE (RTO) B;ALLGON B;;;;
HIGH COAST DISTILLERY B;ALLIANCE OIL SDB;;;;
HILBERT GROUP B;ALLTAINER;;;;
HOLDFLIGHT;ALTECO MEDICAL;;;;
HOMEMAID B;AMNIOTICS;;;;
HOODIN;ANIMA GROUP B;;;;
HOTEL FAST SSE;APRENDERE SKOLOR;;;;
HULTSTROM GROUP B;AQUA TERRENA INTL.;;;;
HUMANA;ASARINA PHARMA;;;;
HUMBLE GROUP;ASPIRE GLOBAL;;;;
I-TECH;ASPIRO;;;;
ICONOVO;AU HOLDING;;;;
IDUN INDUSTRIER B;AURIANT MINING;;;;
IMAGE SYSTEMS;AVAILO;;;;
IMHO INTERMEDIA HOUSE B;AVEGA GROUP 'B';;;;
IMMUNOVIA;AWARDIT;;;;
IMPACT COATINGS;AYIMA GROUP B;;;;
IMPLANTICA SDR A;BACKAHEDEN FASTIGHETS;;;;
INCOAX NETWORKS;BESQAB;;;;
INEV STUDIOS;BIOKRAFT INTERNATIONAL;;;;
INFANT BACTERIAL THERAPEUTICS B;BIOTAGE;;;;
INFREA;BLACK EARTH FARMING SDB;;;;
INHALATION SCIENCES SWEDEN;BORE TECH;;;;
INISSION B;BRANDBEE HOLDING;;;;
INITIATOR PHARMA;BRICKNODE HOLDING B;;;;
INTEA FASTIGHETER D;CAPIO;;;;
INTERVACC;CARBIOTIX;;;;
INVENT MEDIC SWEDEN;CASSANDRA OIL;;;;
INXL INNOVATION;CAVOTEC;;;;
IRISITY;CHERRY B;;;;
IRLAB THERAPEUTICS A;CHROMOGENICS;;;;
ISOFOL MEDICAL;CINIS FERTILIZER;;;;
ITAB SHOP CONCEPT B;CINNO FIN TECH;;;;
IZAFE GROUP B;CIRCLE ENERGY SWEDEN B;;;;
JLT MOBILE COMPUTERS;CLEAN INDUSTRY SOLUTIONS HOLDING EUROPE;;;;
JOHN MATTSON FASTIGHETSFORETAGEN;CLINE SCIENTIFIC B;;;;
JONDETECH SENSORS;COALA-LIFE GROUP;;;;
K-FAST HOLDING B;COLABITOIL SWEDEN;;;;
KABE GROUP B;COLLECTOR;;;;
KAKEL MAX B;COM HEM HOLDINGS;;;;
KALLEBACK PR.INVT.;CONCENT HOLDING;;;;
KAMBI GROUP LTD.SHARES;CONNECTA;;;;
KARNELL GROUP B;CORTUS ENERGY;;;;
KATALYSEN VENTURES;CR VENTURES;;;;
KB COMPONENTS;CREATIVE ANBIO.SWEDEN;;;;
KEBNI B;CS MEDICA;;;;
KENTIMA HOLDING;CWS COMFORT WINDOW;;;;
KINDA BRAVE ENTERTAINMENT GROUP;CYBAERO;;;;
KJELL GROUP;CYXONE;;;;
KNOWIT;DAGON;;;;
KONTIGO CARE;DEVERSIFY HEALTH;;;;
KOPPARBERGS BRYGGERI B;DGC ONE;;;;
KVIX;DIBS PAYMENT SER.;;;;
LAMMHULTS DESIGN GROUP B;DORO;;;;
LAPPLAND GULDPROSPEKTERING B;DUEARITY;;;;
LEVEL BIO;EDGEWARE;;;;
LIDDS;EEVIA HEALTH;;;;
LIFECLEAN INTERNATIONAL;ELOS MEDTECH B;;;;
LIGHTAIR;ELVERKET VALLENTUNA;;;;
LIME TECHNOLOGIES;EMPLICURE;;;;
LINK PROP INVEST;EUROCON CONSULTING;;;;
LIPIGON PHARMACEUTICALS;EXEOTECH INVEST;;;;
LIPUM;EXINI DIAGNOSTICS 'A';;;;
LITIUM;FEELGOOD SVENSKA;;;;
LN FUTURE INVEST;FENIX OUTDOOR 'B';;;;
LOHILO FOODS;FOLLOWIT HOLDING;;;;
LOVISAGRUVAN;GENESIS IT;;;;
LOYAL SOLUTIONS;GHP SPECIALTY CARE;;;;
LUMENRADIO;GODSINLOSEN NORDIC;;;;
LUMITO;GULDADAM;;;;
LUXBRIGHT;GUNNEBO;;;;
LYCKEGARD GROUP;HALDEX;;;;
LYKO GROUP A;HAMMAR INVEST 'B';;;;
M O B A NETWORK;HAMMARBY BANDY;;;;
MAG INTERACTIVE;HEMFOSA FASTIGHETER;;;;
MAHA CAPITAL A;HIQ INTERNATIONAL;;;;
MALMBERGS ELEKTRISKA B;HOGANAS 'B';;;;
MANTEX;HOUSE OF FRIENDS;;;;
MASHUP IRELAND;HQ;;;;
MAXIMUM ENTERTAINMENT B;HUBBSTER GROUP;;;;
MEDCLAIR;HUMAN CARE H C;;;;
MEDIACLE GROUP;ICA GRUPPEN;;;;
MEDIVIR B;IDOGEN;;;;
MEDS APOTEK;IMSYS;;;;
METACON;INDL.& FINL.SYS.'B';;;;
MICROPOS MEDICAL;INSPLANET;;;;
MIDSUMMER;INTERNATIONELLA ENGELSKA SKOLAN I SV;;;;
MILDEF GROUP;IRRAS;;;;
MOBERG PHARMA;ISCONOVA;;;;
MODELON;JETPAK TOP HOLDING;;;;
MODUS THERAPEUTICS HOLDING;KAPPAHL;;;;
MOFAST;KARO PHARMA;;;;
MOMENT GROUP;KEYNOTE MEDIA GROUP;;;;
MOMENTUM GROUP B;KLICK DATA B;;;;
MONIVENT;KOGGBRON FASTIGHETER;;;;
MOVEBYBIKE EUROPE;KOPY GOLDFIELDS;;;;
MRESELL HOLDING;LABS2GROUP;;;;
MY BEAT;LAPPLAND GOLDMINERS;;;;
NANOECHO;LEARNING 2 SLEEP L2S;;;;
NANOLOGICA;LIFEASSAYS B;;;;
NATTARO LABS;LYYN;;;;
NAXS;MACKMYRA SVENSK WHISKY B;;;;
NEDERMAN HOLDING;MBRS GROUP;;;;
NELLY GROUP;MEDCORE;;;;
NEOBO FASTIGHETER;MEDFIELD DIAGNOSTICS;;;;
NEOLA MEDICAL;MELTRON;;;;
NEPA AB;MERTIVA A;;;;
NET INSIGHT B;MINERAL INVEST INTL.;;;;
NETEL HOLDING;MISEN ENERGY;;;;
NEW BUBBLEROOMSWEDEN;MODUL 1 DATA;;;;
NEW NORDIC HEALTHBRANDS;MORETIME;;;;
NEWBURY PHARMACEUTICALS;MOTION DPY.SCANDINAVIA;;;;
NEXAR GROUP;MOVE ABOUT GROUP;;;;
NEXTCELL PHARMA;MQ HOLDING;;;;
NFO DRIVES AB (PUBL);MULTIQ INTERNATIONAL;;;;
NGS GROUP;MVV HOLDING AB;;;;
NIDHOGG RESOURCES HOLDING;NETMORE GROUP;;;;
NILORNGRUPPEN B;NEWLIST;;;;
NILSSON SPECIAL VEHICLES;NGAGE GROUP;;;;
NITRO GAMES;NILAR INTERNATIONAL;;;;
NIUTECH GROUP;NISCHER PROPERTIES;;;;
NIVIKA FASTIGHETER B;NORDIC ELT.PROCUREMENT;;;;
NOBIA;NORDIC MINES;;;;
NODEBIS APPLICAT;NORDIC SER.PTNS.HDG.'B';;;;
NORD INSURETECH GROUP;NORDIC WATERPROOFING HOLDING;;;;
NORDIC FLANGES GROUP;NORTHBAZE GROUP;;;;
NORDIC IRON ORE;NORTHGOLD;;;;
NORDITEK GROUP;NOVACAST TECHS.'B';;;;
NORDREST HOLDING;NUEVOLUTION;;;;
NORTHERN CAPSEK VENTURES;OMNICAR HOLDING;;;;
NOSIUM B;ORIFLAME HOLDING;;;;
NOTE;OSCAR PROPERTIES HOLDING;;;;
NOVAKAND PHARMA;PA RESOURCES 'B';;;;
NOVUS GROUP INTERNATIONAL;PANAXIA SECURITY;;;;
NOWONOMICS;PAYDRIVE;;;;
OBDUCAT B;PEPINS GROUP;;;;
OBSERVIT;PERMASCAND TOP HOLDING;;;;
ODI PHARMA;PHARMIVA;;;;
ODINWELL;PHONE FAMILY;;;;
ONCOPEPTIDES;PLEXIAN;;;;
ONCOZENGE;PMD DEVICE SOLUTIONS;;;;
ONEFLOW;POLYPLANK;;;;
ONLINE BRANDS NORDIC;PROBI;;;;
OODA AI;PROFFICE 'B';;;;
OPTER;PROSTALUND HOLDING;;;;
OPTICEPT TECHNOLOGIES;QLOSR GROUP B;;;;
OPTIMOBILE;RASTA GROUP;;;;
ORESUND INVESTMENT;RENEWCELL;;;;
OREXO;RESQUNIT;;;;
ORGANOCLICK;RIZZO GROUP B;;;;
ORTELIUS INTERNATIONAL;RW CAPITAL;;;;
ORTOMA B;SAS;;;;
OURLIVING;SCANIA 'B';;;;
OVZON;SECITS HOLDING;;;;
OXE MARINE;SELENA OIL & GAS HOLDING;;;;
PAXMAN;SEMCON;;;;
PERPETUA MEDICAL B;SENSOR ALARM NORDEN;;;;
PEXA B;SERNEKE B;;;;
PHARMALUNDENSIS;SERVAGE 'B';;;;
PHOTOCAT;SHORTCUT MEDIA;;;;
PHYSITRACK;SIGMA B;;;;
PIERCE GROUP;SIGNATUR FASTIGHETER B;;;;
PILA PHARMA;SIGNUP SOFTWARE;;;;
PIXELFOX;SKOGSFOND BALTIKUM;;;;
POLYGIENE GROUP;SLEEPO;;;;
POWERCELL SWEDEN;SMART EN.SWEDEN GROUP;;;;
PRECISE BIOMETRICS;SMART VALOR SDR;;;;
PRECOMP SOLUTIONS B;SPORTJOHAN B;;;;
PREVAS B;SRAB SHIPPING 'B';;;;
PRISMA PROPERTIES;SSM HOLDING;;;;
PROACT IT GROUP;STRAX;;;;
PROFILGRUPPEN B;STREAMIFY;;;;
PROFOTO HOLDING;SWEDISH STIRLING;;;;
PROLIGHT DIAGNOSTICS;SWEDOL B;;;;
PROMIMIC;SWEMET B;;;;
PROSTATYPE GENOMICS;TENDO;;;;
PROVIDE IT SWEDEN;TETHYS OIL;;;;
PUBLICVC RTO1 B;TH1NG;;;;
Q-LINEA;THE MARKETING GR;;;;
QBIM;TIGRAN TECHNOLOGIES;;;;
QBNK HOLDING;TILGIN;;;;
QIIWI GAMES;TRANSCOM WW;;;;
QLIFE HOLDING;TRANSMODE;;;;
QLIRO;TRE KRONOR PROPERTY INVESTMENT;;;;
QLUCORE;TRENTION;;;;
QUALISYS HOLDING AKTIEBOLAG;TRIG MEDIA GROUP;;;;
RAILCARE GROUP;TRUSTBUDDY INTERNATIONAL;;;;
RAKETECH GROUP HOLDING;TRYGGA HEM SKANDINAVIEN;;;;
RANPLAN GROUP;VICTORIA PARK A;;;;
RAYSEARCH LABORATORIES B;VIVOLINE MEDICAL;;;;
REAL FASTIGHETER B;WIKING MINERAL;;;;
REALFICTION HOLDING;WILLAK;;;;
RECYCTEC HOLDING B;XCOUNTER (OME);;;;
REDSENSE MEDICAL;ZICCUM;;;;
REFINE GROUP;ZIGNSEC;;;;
RELEVANCE COMMUNICATION NORDIC;A+ SCIENCE HOLDING;;;;
RENTUNDER HOLDING;A-COM;;;;
ROTTNEROS;ABLIVA;;;;
RUGVISTA GROUP;ACAP INVEST 'B';;;;
RVRC HOLDING;AGELLIS GROUP;;;;
S2MEDICAL;AKELIUS RESIDENTIAL PROPERTY D;;;;
SAFE AT SEA;ALLENEX;;;;
SAFE LANE GAMING B;ALTERO 'B';;;;
SAFELLO GROUP;AMBIA TRADING GROUP;;;;
SAFETURE;AQERI HOLDING;;;;
SAGA A;ARCAROMA B;;;;
SALTX TECHNOLOGY HOLDING B;ARCEDE PHARMA;;;;
SAMTRYGG GROUP B;AVENTURA GROUP B;;;;
SANIONA;AZELIO;;;;
SARSYS;BELLPAL HOLDING ABA;;;;
SAVELEND GROUP;BERGS TIMBER B;;;;
SAXLUND GROUP;BETTING PROM.SWEDEN;;;;
SBF BOSTAD A;BIOSENSOR APPS.SWEDEN 'A';;;;
SCAND ENVIRO SYS;BIOTECH-IGG;;;;
SCANDBOOK HOLDING;BOGIO TECHNOLOGIES;;;;
SCANDIDOS;BORAS WAFVERI 'B';;;;
SCANDINAVIAN CHEMOTECH;BRINGWELL INTERNATIONAL;;;;
SCIBASE HOLDING;BRINOVA FASTIGHETER;;;;
SCOUT GAMING GROUP;BUILDDATA GROUP;;;;
SEAFIRE;BYGGFAKTA GROUP NORDIC HOLDCO;;;;
SEAMLESS DISTRIBUTION SYSTEMS;CALLIDITAS THERAPEUTICS;;;;
SEATWIRL;CALMARK SWEDEN B;;;;
SEDANA MEDICAL;CAPILON;;;;
SEHED BYGGMASTARGRUPPEN B;CELLPOINT CONNECT;;;;
SENSODETECT;CISION;;;;
SENSYS GATSO GROUP;COMPUTER INNOVATION I VAXJO;;;;
SENZAGEN;CONCENTRIC;;;;
SENZIME;CONCORDIA MARITIME B;;;;
SERSTECH;CREASPAC;;;;
SHT SMART HIGH-TECH B;CRYPTZONE;;;;
SIBEK;CYBERCOM GROUP EUROPE;;;;
SILEON;DANCANN PHARMA;;;;
SILJANSVIK;DANNEMORA MINERAL;;;;
SIMRIS GROUP B;DDM HOLDING;;;;
SINTERCAST;DELTA MINERALS;;;;
SKANE-MOLLAN;DIAGONAL BIO;;;;
SKOLON;DIGNITANA;;;;
SLEEP CYCLE;DUG FOODTECH;;;;
SLOTTSVIKEN B;ECO BYGGOLIT;;;;
SMART EYE;ECTIN RESEARCH B;;;;
SOCIALLITE US;EUROPEAN INSTITUTE OF SCIENCE B;;;;
SOFTRONIC B;EVERYSPORT GROUP;;;;
SOLIDX;FANTASMA GAMES;;;;
SOLNABERG PROPERTY;FDT SYSTEM HOLDING;;;;
SOLTECH ENERGY;FORTNOX AB;;;;
SONETEL;FUNDIOR;;;;
SOTKAMO SILVER;GET GROUP;;;;
SOUND DIMENSION;GEVEKO 'B';;;;
SPECTRACURE;GINGER OIL;;;;
SPECTRUMONE;GOTENEHUS GROUP B;;;;
SPERMOSENS;H1 COMMUNICATION 'B';;;;
SPOTLIGHT GROUP;HANDICARE GROUP;;;;
SPOTR GROUP;HEDSON TECHS.INTL.;;;;
SPRINT BIOSCIENC;HEMBLA B;;;;
STAR VAULT B;HEMTEX;;;;
STARBREEZE B;HOYLU;;;;
STAYBLE THERAPEUTICS;HUBSO GROUP;;;;
STENHUS FASTIGHETER I NORDEN;I A R SYSTEMS GROUP B;;;;
STILLE;IMPLEMENTA SOL;;;;
STILLFRONT GROUP;INVUO TECHNOLOGIES;;;;
STOCKWIK FORVALTNING;ITALEAF SDR;;;;
STUDENTBOSTADER I NORDEN;KINDRED GROUP SDR;;;;
STUDSVIK;KUNGSLEDEN;;;;
SUMMA DEFENCE (OME);LAURITZ COM GROUP;;;;
SUNTRADE GROUP;LEO VEGAS;;;;
SURGICAL SCIENCE SWEDEN;LINKFIRE;;;;
SUSTAINION GROUP;LIPIDOR;;;;
SVEDBERGS GROUP B;MABI RENT;;;;
SVENSKA AEROGEL HOLDING;MAXPEAK;;;;
SWEDEN BUYERSCLUB;MEDA 'A';;;;
SWEDENCARE;MEDHELP CARE;;;;
SYNACT PHARMA;MEDIROX 'A';;;;
SYNEXO GROUP;MELKER SCHORLING;;;;
SYNTHETIC MR;MESTRO;;;;
TALKPOOL;METABOLIC NORDIC;;;;
TCECUR SWEDEN A;MOBI SDB DRC;;;;
TELLUSGRUPPEN;MOD.EKNOMI.SVER.HLDG.;;;;
TEMPEST SECURITY;MR GREEN &;;;;
TENEO AI;MULTIDOCKER CGO.HADG.;;;;
TEQNION;NCS NDC.CAMPING & SPS.;;;;
TERRANOR GROUP;NEODYNAMICS;;;;
TESSIN NORDIC HOLDING;NETENT ORD SHS;;;;
TITANIA HOLDING B;NGENIC;;;;
TOBII AB;NIMUTAN;;;;
TOUCHTECH;NORDAX GROUP;;;;
TRACTION B;NORDIC PAPER HOLDING;;;;
TRADEDOUBLER;NORDIC WATERPROOFING HOLDING;;;;
TRAIN ALLIANCE B;NORDNET 'B';;;;
TRAINIMAL;NORVA24 GROUP;;;;
TRANSFER GROUP;OPUS GROUP;;;;
TRANSIRO HOLDING;ORASOLV;;;;
TRANSTEMA;ORC GROUP;;;;
TRIBOX GROUP B;OX2;;;;
TRIONA;PAGERO GROUP;;;;
TRUECALLER B;PARTNERTECH;;;;
TURA GROUP;PETROGRAND;;;;
UNIBAP SPACE SOLUTIONS;PHASE HOLOGRAPHIC IMAGING PHI;;;;
UNLTD.TRAVEL GROUP;PHTH.&.DEV.WRLS. SWD. HLDG.B;;;;
UPSALES TECHNOLOGY;PROJEKTENGAGEMANG SWEDEN B;;;;
USWE SPORTS;QUIA PHARMA;;;;
VALUNO GROUP;RADISSON HOSPITALITY;;;;
VASTRA HAMNEN CORPORATE FINANCE;RAYBASED;;;;
VERTISEIT B;RAYTELLIGENCE;;;;
VESTUM;READLY INTERNATIONAL;;;;
VETERANPOOLEN B;READSOFT 'B';;;;
VIAPLAY GROUP B;RECIPHARM B;;;;
VICORE PHARMA HOLDING;REDWOOD PHARMA;;;;
VIKING SUPPLY SHIPS B;RELATION AND BRAND 'B';;;;
VIMAB GROUP;RESURS HOLDING;;;;
VIVA WINE GROUP;RIGHTBRIDGE VENTURES GROUP;;;;
VNV GLOBAL;RLS GLOBAL;;;;
VO2 CAP HOLDING;RORVIK TIMBER;;;;
W5 SOLUTIONS;SANITEC;;;;
WALL TO WALL GROUP A;SCANDINAVIAN ORGS.;;;;
WAYSTREAM GROUP;SCANDION ONCOLOGY;;;;
WHITE PEARL TECHNOLOGY GROUP B;SELECTIMMUNE PHARMA B;;;;
WHITE PEBBLES B;SENSIDOSE;;;;
WISE GROUP;SENSORI;;;;
WONDERBOO HOLDING;SOZAP ORDS;;;;
WYLD NETWORKS;SPORTAMORE;;;;
XANO INDUSTRI B;SVENSKA NYTTOBOSTADER;;;;
XBRANE BIOPHARMA;SVERIGES BOSTADSRATTSCENTRUM;;;;
XINTELA;SYDSVENSKA HEM;;;;
XMREALITY;TITANA;;;;
XOMA B;TOPRIGHT NORDIC;;;;
XP CHEMISTRIES;TOWORK SVERIGE;;;;
XVIVO PERFUSION;TRACTECHNOLOGY;;;;
ZENICOR MEDICAL SYSTEMS;TRANSCOM WWD.SDB.B;;;;
ZINZINO HOLDING B;TRIBONA;;;;
VERISURE;TRUSTBUDDY;;;;
TF BANK;UNIFLEX B;;;;
HYBRICON;URB-IT;;;;
LOGISTRI FASTIGHETS B;VEF SDR;;;;
NYAB;WILSON THERAPEUTICS;;;;
EUROBATTERY MINERALS;;;;;
GIG SOFTWARE SDR;;;;;
LEA BANK;;;;;
NANEXA;;;;;
VIDHANCE;;;;;
CHOSA ONCOLOGY;;;;;
GENTOO MEDIA;;;;;
INSPLORION;;;;;
MENDOLE;;;;;
PREBONA;;;;;
SJOSTRAND COFFEE INT B;;;;;
SJOSTRAND COFFEE INT B;;;;;